��(Monthly),�õ���,�ñ���,�¿�,�¿�,�¿�,�¿�,����,����,����,����,ȭ��,ȭ��,ȭ��,ȭ��,Ư��,Ư��,Ư��,Ư��,�Ѱ�,�Ѱ�,�Ѱ�,�Ѱ�
��(Monthly),�õ���,�ñ���,����,�ڰ���,������,��,����,�ڰ���,������,��,����,�ڰ���,������,��,����,�ڰ���,������,��,����,�ڰ���,������,��
2025-05,����,������,160,218,276,14,225,232,661,60,3,818,540,4,418,187,13,521,2,195,15,903,18,377,153,548,425,235,992,17,113,253,530
2025-05,����,������,110,144,212,5,056,149,378,41,3,196,615,3,852,148,11,917,2,617,14,682,7,256,211,474,306,159,581,8,499,168,386
2025-05,����,���ϱ�,117,59,876,2,103,62,096,67,1,986,716,2,769,129,6,608,1,263,8,000,15,151,114,280,328,68,621,4,196,73,145
2025-05,����,������,136,167,035,8,644,175,815,45,3,930,1,317,5,292,160,15,759,4,289,20,208,17,455,271,743,358,187,179,14,521,202,058
2025-05,����,���Ǳ�,89,98,656,3,033,101,778,44,2,793,348,3,185,146,8,788,2,218,11,152,11,200,167,378,290,110,437,5,766,116,493
2025-05,����,������,87,80,285,2,954,83,326,45,1,951,332,2,328,164,8,690,1,524,10,378,10,120,110,240,306,91,046,4,920,96,272
2025-05,����,���α�,111,114,677,9,054,123,842,59,3,644,565,4,268,126,13,507,2,573,16,206,7,322,169,498,303,132,150,12,361,144,814
2025-05,����,��õ��,58,71,549,2,712,74,319,33,2,402,434,2,869,78,10,478,2,286,12,842,12,200,100,312,181,84,629,5,532,90,342
2025-05,����,�����,80,128,613,5,560,134,253,51,3,047,752,3,850,171,9,545,2,128,11,844,11,272,250,533,313,141,477,8,690,150,480
2025-05,����,������,93,76,017,4,536,80,646,49,2,108,563,2,720,123,7,807,2,036,9,966,12,194,154,360,277,86,126,7,289,93,692
2025-05,����,���빮��,108,85,880,2,773,88,761,60,2,401,129,2,590,134,9,537,2,242,11,913,11,199,99,309,313,98,017,5,243,103,573
2025-05,����,���۱�,117,94,389,1,234,95,740,43,2,045,128,2,216,136,6,292,1,143,7,571,17,139,177,333,313,102,865,2,682,105,860
2025-05,����,������,97,101,450,4,211,105,758,55,2,363,674,3,092,171,9,117,2,636,11,924,22,263,462,747,345,113,193,7,983,121,521
2025-05,����,���빮��,208,77,094,3,410,80,712,100,1,902,399,2,401,136,5,677,1,758,7,571,7,149,109,265,451,84,822,5,676,90,949
2025-05,����,���ʱ�,175,153,429,3,345,156,949,130,2,817,647,3,594,181,10,431,4,129,14,741,16,275,202,493,502,166,952,8,323,175,777
2025-05,����,������,134,82,112,7,925,90,171,49,1,688,904,2,641,180,7,992,1,915,10,087,17,207,131,355,380,91,999,10,875,103,254
2025-05,����,���ϱ�,92,105,816,2,015,107,923,45,2,590,1,098,3,733,143,8,298,1,667,10,108,8,208,98,314,288,116,912,4,878,122,078
2025-05,����,���ı�,129,206,008,7,490,213,627,106,3,805,1,577,5,488,161,16,980,4,745,21,886,19,407,393,819,415,227,200,14,205,241,820
2025-05,����,��õ��,131,126,748,4,808,131,687,63,2,870,733,3,666,145,10,702,2,931,13,778,8,279,437,724,347,140,599,8,909,149,855
2025-05,����,��������,131,118,172,2,743,121,046,61,3,414,190,3,665,174,12,648,4,406,17,228,17,496,607,1,120,383,134,730,7,946,143,059
2025-05,����,��걸,262,63,457,1,120,64,839,125,1,696,77,1,898,150,4,881,1,053,6,084,13,155,31,199,550,70,189,2,281,73,020
2025-05,����,����,100,113,746,4,139,117,985,46,2,753,755,3,554,143,9,643,2,024,11,810,16,201,182,399,305,126,343,7,100,133,748
2025-05,����,���α�,1,724,39,176,243,41,143,1,480,1,328,252,3,060,334,3,580,1,577,5,491,102,93,102,297,3,640,44,177,2,174,49,991
2025-05,����,�߱�,289,39,788,1,545,41,622,810,1,696,241,2,747,177,4,538,1,161,5,876,24,221,101,346,1,300,46,243,3,048,50,591
2025-05,����,�߶���,80,91,225,5,929,97,234,32,2,803,585,3,420,123,11,274,2,768,14,165,14,244,320,578,249,105,546,9,602,115,397
2025-05,����,��,4,818,2,657,686,110,807,2,773,311,3,699,65,046,14,571,83,316,3,920,238,210,59,284,301,414,431,6,083,5,150,11,664,12,868,2,967,025,189,812,3,169,705
2025-05,�λ�,������,127,69,214,2,017,71,358,85,1,536,329,1,950,132,16,075,2,900,19,107,10,432,662,1,104,354,87,257,5,908,93,519
2025-05,�λ�,������,100,64,473,2,411,66,984,62,1,926,922,2,910,104,9,324,3,080,12,508,13,202,630,845,279,75,925,7,043,83,247
2025-05,�λ�,���屺,82,75,453,858,76,393,49,1,926,543,2,518,122,10,666,1,206,11,994,13,258,210,481,266,88,303,2,817,91,386
2025-05,�λ�,����,117,81,558,2,845,84,520,57,1,979,481,2,517,59,8,576,4,329,12,964,4,325,1,456,1,785,237,92,438,9,111,101,786
2025-05,�λ�,����,84,44,861,1,579,46,524,47,810,169,1,026,62,3,503,2,337,5,902,5,94,1,046,1,145,198,49,268,5,131,54,597
2025-05,�λ�,������,74,88,435,1,685,90,194,27,1,831,359,2,217,63,9,870,1,572,11,505,1,213,270,484,165,100,349,3,886,104,400
2025-05,�λ�,�λ�����,137,122,934,29,845,152,916,63,2,577,572,3,212,171,12,923,2,483,15,577,10,202,551,763,381,138,636,33,451,172,468
2025-05,�λ�,�ϱ�,144,86,819,1,508,88,471,50,2,012,310,2,372,106,11,607,1,604,13,317,10,210,254,474,310,100,648,3,676,104,634
2025-05,�λ�,���,99,66,258,2,240,68,597,56,1,982,213,2,251,99,13,960,2,320,16,379,8,237,322,567,262,82,437,5,095,87,794
2025-05,�λ�,���ϱ�,115,92,647,3,488,96,250,51,2,528,346,2,925,103,12,584,2,013,14,700,9,223,285,517,278,107,982,6,132,114,392
2025-05,�λ�,����,63,26,439,362,26,864,33,834,18,885,42,3,603,873,4,518,0,62,88,150,138,30,938,1,341,32,417
2025-05,�λ�,������,51,56,516,69,157,125,724,24,1,365,778,2,167,79,5,328,1,325,6,732,11,149,352,512,165,63,358,71,612,135,135
2025-05,�λ�,������,377,114,202,24,548,139,127,504,1,624,721,2,849,180,8,699,2,339,11,218,26,205,716,947,1,087,124,730,28,324,154,141
2025-05,�λ�,������,86,26,355,1,252,27,693,50,913,323,1,286,85,3,990,383,4,458,9,52,57,118,230,31,310,2,015,33,555
2025-05,�λ�,�߱�,161,35,569,118,35,848,63,473,4,540,80,1,820,5,272,7,172,14,112,1,675,1,801,318,37,974,7,069,45,361
2025-05,�λ�,�ؿ�뱸,142,143,010,2,135,145,287,57,2,740,229,3,026,124,12,297,2,237,14,658,9,325,489,823,332,158,372,5,090,163,794
2025-05,�λ�,��,1,959,1,194,743,146,048,1,342,750,1,278,27,056,6,317,34,651,1,611,144,825,36,273,182,709,152,3,301,9,063,12,516,5,000,1,369,925,197,701,1,572,626
2025-05,�뱸,������,49,10,039,65,10,153,35,371,21,427,48,5,243,140,5,431,3,65,21,89,135,15,718,247,16,100
2025-05,�뱸,����,83,47,871,883,48,837,239,1,189,102,1,530,79,6,193,502,6,774,3,129,60,192,404,55,382,1,547,57,333
2025-05,�뱸,�޼���,191,238,243,14,658,253,092,113,4,457,738,5,308,178,28,684,5,419,34,281,14,623,584,1,221,496,272,007,21,399,293,902
2025-05,�뱸,�޼���,120,117,856,1,522,119,498,116,2,765,501,3,382,290,19,492,2,895,22,677,65,416,299,780,591,140,529,5,217,146,337
2025-05,�뱸,����,113,142,300,4,682,147,095,92,3,128,734,3,954,159,19,007,3,925,23,091,11,456,516,983,375,164,891,9,857,175,123
2025-05,�뱸,�ϱ�,160,169,995,2,585,172,740,124,3,533,647,4,304,225,27,779,4,503,32,507,27,583,445,1,055,536,201,890,8,180,210,606
2025-05,�뱸,����,92,59,348,3,030,62,470,41,1,579,216,1,836,122,10,709,1,527,12,358,9,170,110,289,264,71,806,4,883,76,953
2025-05,�뱸,������,194,196,891,2,861,199,946,192,2,889,610,3,691,211,15,492,1,387,17,090,12,488,172,672,609,215,760,5,030,221,399
2025-05,�뱸,�߱�,90,53,245,1,208,54,543,71,985,319,1,375,148,4,299,490,4,937,17,91,33,141,326,58,620,2,050,60,996
2025-05,�뱸,��,1,092,1,035,788,31,494,1,068,374,1,023,20,896,3,888,25,807,1,460,136,898,20,788,159,146,161,3,021,2,240,5,422,3,736,1,196,603,58,410,1,258,749
2025-05,��õ,��ȭ��,143,27,919,4,415,32,477,51,1,097,290,1,438,153,10,611,777,11,541,11,232,87,330,358,39,859,5,569,45,786
2025-05,��õ,��籸,105,94,981,121,680,216,766,60,2,953,1,774,4,787,109,25,714,2,858,28,681,19,478,335,832,293,124,126,126,647,251,066
2025-05,��õ,������,370,222,971,16,877,240,218,448,4,684,806,5,938,172,28,274,3,613,32,059,25,593,488,1,106,1,015,256,522,21,784,279,321
2025-05,��õ,����,36,19,791,933,20,760,36,797,73,906,34,3,320,1,336,4,690,2,100,319,421,108,24,008,2,661,26,777
2025-05,��õ,����Ȧ��,190,145,174,12,896,158,260,99,3,876,75,4,050,138,16,761,5,133,22,032,18,442,854,1,314,445,166,253,18,958,185,656
2025-05,��õ,����,146,202,448,32,941,235,535,81,4,188,1,038,5,307,107,19,841,3,114,23,062,8,472,307,787,342,226,949,37,400,264,691
2025-05,��õ,����,227,271,400,5,161,276,788,112,5,996,1,345,7,453,196,33,766,6,421,40,383,29,1,000,729,1,758,564,312,162,13,656,326,382
2025-05,��õ,������,159,211,661,5,627,217,447,87,2,990,713,3,790,138,12,248,3,585,15,971,13,417,521,951,397,227,316,10,446,238,159
2025-05,��õ,������,73,8,744,20,650,29,467,56,516,442,1,014,125,3,979,57,4,161,3,53,13,69,257,13,292,21,162,34,711
2025-05,��õ,�߱�,335,74,246,923,75,504,155,1,773,774,2,702,188,8,441,8,699,17,328,18,384,1,747,2,149,696,84,844,12,143,97,683
2025-05,��õ,��,1,784,1,279,335,222,103,1,503,222,1,185,28,870,7,330,37,385,1,360,162,955,35,593,199,908,146,4,171,5,400,9,717,4,475,1,475,331,270,426,1,750,232
2025-05,����,���걸,241,175,282,3,919,179,442,154,4,029,378,4,561,195,26,285,8,046,34,526,30,751,955,1,736,620,206,347,13,298,220,265
2025-05,����,����,92,84,176,868,85,136,48,1,788,455,2,291,88,8,542,1,017,9,647,11,238,186,435,239,94,744,2,526,97,509
2025-05,����,����,96,42,006,417,42,519,54,891,115,1,060,103,4,069,402,4,574,11,124,72,207,264,47,090,1,006,48,360
2025-05,����,�ϱ�,189,174,462,4,610,179,261,206,3,705,1,002,4,913,223,22,683,3,532,26,438,18,601,530,1,149,636,201,451,9,674,211,761
2025-05,����,����,315,126,811,3,740,130,866,153,2,834,335,3,322,229,14,759,1,704,16,692,23,424,222,669,720,144,828,6,001,151,549
2025-05,����,��,933,602,737,13,554,617,224,615,13,247,2,285,16,147,838,76,338,14,701,91,877,93,2,138,1,965,4,196,2,479,694,460,32,505,729,444
2025-05,����,�����,85,71,867,1,904,73,856,43,1,929,548,2,520,109,13,382,3,868,17,359,9,358,437,804,246,87,536,6,757,94,539
2025-05,����,����,90,79,334,2,988,82,412,55,2,218,460,2,733,96,12,999,1,662,14,757,12,331,223,566,253,94,882,5,333,100,468
2025-05,����,����,352,187,445,24,263,212,060,329,3,837,453,4,619,198,18,385,2,396,20,979,29,527,491,1,047,908,210,194,27,603,238,705
2025-05,����,������,121,177,790,2,537,180,448,92,2,935,363,3,390,425,15,163,2,454,18,042,25,631,301,957,663,196,519,5,655,202,837
2025-05,����,�߱�,98,84,367,2,330,86,795,48,2,331,439,2,818,78,11,897,2,137,14,112,7,297,266,570,231,98,892,5,172,104,295
2025-05,����,��,746,600,803,34,022,635,571,567,13,250,2,263,16,080,906,71,826,12,517,85,249,82,2,144,1,718,3,944,2,301,688,023,50,520,740,844
2025-05,���,����,312,139,880,2,830,143,022,225,2,559,579,3,363,241,16,001,3,294,19,536,20,381,616,1,017,798,158,821,7,319,166,938
2025-05,���,����,71,58,688,764,59,523,44,1,133,149,1,326,75,4,696,333,5,104,7,158,59,224,197,64,675,1,305,66,177
2025-05,���,�ϱ�,88,110,925,1,575,112,588,39,1,942,312,2,293,91,11,115,1,624,12,830,9,278,333,620,227,124,260,3,844,128,331
2025-05,���,���ֱ�,162,110,143,1,164,111,469,99,2,489,679,3,267,168,20,899,4,237,25,304,14,445,1,018,1,477,443,133,976,7,098,141,517
2025-05,���,�߱�,152,91,423,1,067,92,642,112,1,788,281,2,181,91,9,819,947,10,857,6,239,278,523,361,103,269,2,573,106,203
2025-05,���,��,785,511,059,7,400,519,244,519,9,911,2,000,12,430,666,62,530,10,435,73,631,56,1,501,2,304,3,861,2,026,585,001,22,139,609,166
2025-05,����,����Ư����ġ��,363,179,998,1,210,181,571,243,3,069,633,3,945,264,14,919,2,040,17,223,84,642,165,891,954,198,628,4,048,203,630
2025-05,����,��,363,179,998,1,210,181,571,243,3,069,633,3,945,264,14,919,2,040,17,223,84,642,165,891,954,198,628,4,048,203,630
2025-05,���,����,151,25,693,155,25,999,83,1,057,153,1,293,156,6,620,209,6,985,24,133,46,203,414,33,503,563,34,480
2025-05,���,����� ���籸,324,174,479,1,922,176,725,153,3,853,446,4,452,199,18,832,2,728,21,759,21,461,271,753,697,197,625,5,367,203,689
2025-05,���,����� �ϻ굿��,107,115,413,3,630,119,150,79,2,287,599,2,965,78,13,003,2,111,15,192,12,366,158,536,276,131,069,6,498,137,843
2025-05,���,����� �ϻ꼭��,72,105,039,2,507,107,618,22,1,974,596,2,592,38,9,034,1,522,10,594,1,226,137,364,133,116,273,4,762,121,168
2025-05,���,��õ��,482,30,223,316,31,021,101,502,42,645,129,1,970,474,2,573,15,84,10,109,727,32,779,842,34,348
2025-05,���,������,141,91,307,1,659,93,107,67,2,178,405,2,650,110,10,063,2,364,12,537,11,235,200,446,329,103,783,4,628,108,740
2025-05,���,���ֽ�,208,173,851,944,175,003,90,4,548,2,287,6,925,132,30,337,5,590,36,059,16,744,345,1,105,446,209,480,9,166,219,092
2025-05,���,������,93,61,818,1,152,63,063,76,1,425,282,1,783,100,8,203,1,420,9,723,14,194,146,354,283,71,640,3,000,74,923
2025-05,���,������,130,86,919,879,87,928,72,1,941,174,2,187,92,8,860,3,783,12,735,10,179,247,436,304,97,899,5,083,103,286
2025-05,���,������,260,203,810,3,013,207,083,112,4,726,1,684,6,522,207,30,771,4,566,35,544,9,723,684,1,416,588,240,030,9,947,250,565
2025-05,���,�����ֽ�,380,270,426,2,229,273,035,198,6,700,1,024,7,922,219,42,496,6,605,49,320,28,1,122,501,1,651,825,320,744,10,359,331,928
2025-05,���,����õ��,99,32,065,669,32,833,45,1,171,72,1,288,82,5,294,689,6,065,11,114,54,179,237,38,644,1,484,40,365
2025-05,���,��õ��,5,97,1,103,0,38,10,48,0,127,7,134,0,0,1,1,5,262,19,286
2025-05,���,��õ�� �һ籸,49,73,100,1,679,74,828,19,2,005,115,2,139,34,8,128,1,276,9,438,1,172,177,350,103,83,405,3,247,86,755
2025-05,���,��õ�� ������,39,52,286,952,53,277,31,1,788,446,2,265,32,9,652,1,755,11,439,4,197,174,375,106,63,923,3,327,67,356
2025-05,���,��õ�� ���̱�,195,128,490,2,773,131,458,149,3,309,571,4,029,158,15,442,3,303,18,903,25,362,198,585,527,147,603,6,845,154,975
2025-05,���,������ �д籸,202,179,004,4,206,183,412,57,2,288,1,396,3,741,106,7,494,1,917,9,517,9,356,184,549,374,189,142,7,703,197,219
2025-05,���,������ ������,164,71,869,1,730,73,763,59,1,955,197,2,211,79,7,349,1,547,8,975,3,174,163,340,305,81,347,3,637,85,289
2025-05,���,������ �߿���,216,63,513,2,072,65,801,56,1,976,310,2,342,98,8,686,1,584,10,368,20,181,150,351,390,74,356,4,116,78,862
2025-05,���,������ �Ǽ���,106,185,406,5,071,190,583,169,4,399,1,501,6,069,159,19,723,3,160,23,042,21,628,548,1,197,455,210,156,10,280,220,891
2025-05,���,������ ���뱸,273,144,961,1,871,147,105,109,1,960,140,2,209,65,6,668,1,477,8,210,2,263,129,394,449,153,852,3,617,157,918
2025-05,���,������ ��ȱ�,282,98,668,1,034,99,984,148,2,616,478,3,242,101,8,174,2,145,10,420,17,255,124,396,548,109,713,3,781,114,042
2025-05,���,������ �ȴޱ�,147,72,340,1,315,73,802,68,2,290,72,2,430,90,6,346,2,014,8,450,16,169,103,288,321,81,145,3,504,84,970
2025-05,���,�����,175,227,911,1,858,229,944,107,6,023,470,6,600,151,37,150,6,436,43,737,23,731,514,1,268,456,271,815,9,278,281,549
2025-05,���,�Ȼ�� �ܿ���,212,137,407,5,626,143,245,152,4,672,1,146,5,970,227,22,912,4,027,27,166,12,436,319,767,603,165,427,11,118,177,148
2025-05,���,�Ȼ�� ��ϱ�,82,121,938,2,161,124,181,41,3,705,638,4,384,33,18,112,2,691,20,836,3,461,367,831,159,144,216,5,857,150,232
2025-05,���,�ȼ���,175,96,415,767,97,357,93,2,969,561,3,623,131,19,562,3,352,23,045,16,952,303,1,271,415,119,898,4,983,125,296
2025-05,���,�Ⱦ�� ���ȱ�,159,119,832,2,281,122,272,112,1,988,589,2,689,130,9,899,3,824,13,853,10,351,171,532,411,132,070,6,865,139,346
2025-05,���,�Ⱦ�� ���ȱ�,93,76,917,1,349,78,359,29,2,056,920,3,005,42,9,032,1,579,10,653,0,201,125,326,164,88,206,3,973,92,343
2025-05,���,���ֽ�,187,120,152,703,121,042,90,3,560,510,4,160,171,20,062,3,044,23,277,14,523,262,799,462,144,297,4,519,149,278
2025-05,���,����,245,54,306,415,54,966,97,1,613,518,2,228,263,12,101,905,13,269,11,302,82,395,616,68,322,1,920,70,858
2025-05,���,���ֽ�,190,54,019,363,54,572,87,1,937,658,2,682,201,14,285,6,462,20,948,9,342,343,694,487,70,583,7,826,78,896
2025-05,���,��õ��,91,17,868,279,18,238,69,696,245,1,010,154,6,356,4,112,10,622,7,136,492,635,321,25,056,5,128,30,505
2025-05,���,�����,95,110,951,1,264,112,310,64,2,664,559,3,287,65,10,700,2,684,13,449,10,335,188,533,234,124,650,4,695,129,579
2025-05,���,���ν� ���ﱸ,48,186,545,3,491,190,084,42,3,153,760,3,955,49,11,394,3,751,15,194,12,515,365,892,151,201,607,8,367,210,125
2025-05,���,���ν� ������,27,144,807,863,145,697,16,1,729,81,1,826,23,4,785,1,428,6,236,0,244,44,288,66,151,565,2,416,154,047
2025-05,���,���ν� ó�α�,410,128,249,1,708,130,367,174,3,762,1,546,5,482,236,21,784,4,948,26,968,19,737,412,1,168,839,154,532,8,614,163,985
2025-05,���,�ǿս�,118,59,087,411,59,616,95,1,173,193,1,461,85,5,651,2,026,7,762,8,156,303,467,306,66,067,2,933,69,306
2025-05,���,�����ν�,291,153,395,2,014,155,700,255,4,246,427,4,928,194,17,708,3,101,21,003,29,541,267,837,769,175,890,5,809,182,468
2025-05,���,��õ��,219,103,900,893,105,012,89,3,176,851,4,116,137,18,957,4,341,23,435,15,494,567,1,076,460,126,527,6,652,133,639
2025-05,���,���ֽ�,287,218,330,2,524,221,141,95,5,254,2,665,8,014,171,31,222,6,401,37,794,22,714,308,1,044,575,255,520,11,898,267,993
2025-05,���,���ý�,384,294,030,3,811,298,225,162,7,355,2,151,9,668,262,35,981,7,656,43,899,23,1,025,986,2,034,831,338,391,14,604,353,826
2025-05,���,��õ��,195,66,922,4,872,71,989,76,2,598,771,3,445,161,20,750,2,396,23,307,17,362,367,746,449,90,632,8,406,99,487
2025-05,���,�ϳ���,204,123,059,1,031,124,294,88,2,361,353,2,802,151,15,359,2,333,17,843,12,345,157,514,455,141,124,3,874,145,453
2025-05,���,ȭ����,405,464,698,2,761,467,864,229,9,700,2,799,12,728,288,64,833,8,349,73,470,74,1,721,705,2,500,996,540,952,14,614,556,562
2025-05,���,��,8,417,5,521,515,83,224,5,613,156,4,225,133,376,32,411,170,012,5,789,711,867,138,092,855,748,636,18,962,12,397,31,995,19,067,6,385,720,266,124,6,670,911
2025-05,���,���걺,78,15,495,135,15,708,58,737,57,852,79,7,965,247,8,291,11,103,31,145,226,24,300,470,24,996
2025-05,���,�ܾ籺,69,11,122,120,11,311,53,443,82,578,119,4,853,383,5,355,4,89,225,318,245,16,507,810,17,562
2025-05,���,������,71,12,339,118,12,528,57,580,87,724,113,6,423,461,6,997,17,72,47,136,258,19,414,713,20,385
2025-05,���,������,102,17,581,115,17,798,61,659,93,813,117,8,234,173,8,524,13,92,40,145,293,26,566,421,27,280
2025-05,���,��õ��,77,20,533,179,20,789,60,782,87,929,85,8,037,693,8,815,11,155,98,264,233,29,507,1,057,30,797
2025-05,���,������,84,49,030,314,49,428,69,2,021,209,2,299,111,13,736,1,489,15,336,15,258,140,413,279,65,045,2,152,67,476
2025-05,���,��õ��,108,55,291,705,56,104,81,1,620,177,1,878,155,13,556,1,672,15,383,11,352,870,1,233,355,70,819,3,424,74,598
2025-05,���,����,35,17,473,155,17,663,26,517,37,580,31,3,202,588,3,821,7,72,47,126,99,21,264,827,22,190
2025-05,���,��õ��,74,45,824,299,46,197,64,1,408,88,1,560,85,9,300,1,116,10,501,6,245,84,335,229,56,777,1,587,58,593
2025-05,���,û����,1,8,0,9,0,3,0,3,0,8,0,8,0,0,0,0,1,19,0,20
2025-05,���,û�ֽ� ��籸,208,88,362,1,095,89,665,112,2,044,372,2,528,182,11,979,1,154,13,315,17,370,269,656,519,102,755,2,890,106,164
2025-05,���,û�ֽ� ������,62,81,706,1,492,83,260,129,1,907,840,2,876,63,10,549,1,846,12,458,5,325,227,557,259,94,487,4,405,99,151
2025-05,���,û�ֽ� û����,192,92,441,2,527,95,160,123,2,293,542,2,958,130,14,447,2,102,16,679,7,414,199,620,452,109,595,5,370,115,417
2025-05,���,û�ֽ� �����,152,134,139,4,263,138,554,91,2,879,728,3,698,136,15,886,2,527,18,549,12,580,371,963,391,153,484,7,889,161,764
2025-05,���,���ֽ�,203,96,105,3,024,99,332,149,2,755,414,3,318,261,19,813,1,825,21,899,31,475,291,797,644,119,148,5,554,125,346
2025-05,���,��,1,516,737,449,14,541,753,506,1,133,20,648,3,813,25,594,1,667,147,988,16,276,165,931,167,3,602,2,939,6,708,4,483,909,687,37,569,951,739
2025-05,�泲,����,78,23,434,64,23,576,38,545,103,686,55,2,230,434,2,719,9,89,33,131,180,26,298,634,27,112
2025-05,�泲,���ֽ�,221,42,664,1,177,44,062,122,1,486,382,1,990,255,12,781,687,13,723,25,219,128,372,623,57,150,2,374,60,147
2025-05,�泲,�ݻ걺,74,20,828,2,311,23,213,40,953,200,1,193,93,8,601,579,9,273,10,128,73,211,217,30,510,3,163,33,890
2025-05,�泲,�����,149,45,963,871,46,983,88,1,956,335,2,379,142,15,299,1,087,16,528,28,216,96,340,407,63,434,2,389,66,230
2025-05,�泲,������,145,87,529,812,88,486,77,2,319,350,2,746,183,19,382,2,353,21,918,17,495,819,1,331,422,109,725,4,334,114,481
2025-05,�泲,���ɽ�,130,40,236,556,40,922,72,1,353,172,1,597,181,12,755,520,13,456,35,197,124,356,418,54,541,1,372,56,331
2025-05,�泲,�ο���,98,23,240,182,23,520,71,1,048,315,1,434,164,11,256,400,11,820,13,103,55,171,346,35,647,952,36,945
2025-05,�泲,�����,181,82,156,963,83,300,86,2,361,484,2,931,165,19,083,1,875,21,123,24,418,436,878,456,104,018,3,758,108,232
2025-05,�泲,��õ��,78,19,724,145,19,947,39,682,109,830,107,7,710,430,8,247,17,91,87,195,241,28,207,771,29,219
2025-05,�泲,�ƻ��,205,176,743,2,036,178,984,132,4,459,513,5,104,184,24,302,3,720,28,206,50,738,372,1,160,571,206,242,6,641,213,454
2025-05,�泲,���걺,168,35,531,275,35,974,114,1,361,317,1,792,180,11,517,735,12,432,13,214,131,358,475,48,623,1,458,50,556
2025-05,�泲,õ�Ƚ� ������,100,120,337,1,822,122,259,62,3,605,681,4,348,127,19,405,2,928,22,460,10,599,389,998,299,143,946,5,820,150,065
2025-05,�泲,õ�Ƚ� ���ϱ�,162,185,215,1,703,187,080,152,4,230,863,5,245,212,20,953,2,635,23,800,24,606,311,941,550,211,004,5,512,217,066
2025-05,�泲,û�籺,80,11,486,66,11,632,58,431,61,550,127,6,021,516,6,664,17,73,62,152,282,18,011,705,18,998
2025-05,�泲,�¾ȱ�,86,24,855,190,25,131,47,953,117,1,117,199,10,797,252,11,248,18,142,51,211,350,36,747,610,37,707
2025-05,�泲,ȫ����,163,44,370,394,44,927,93,1,361,205,1,659,142,12,352,777,13,271,23,237,132,392,421,58,320,1,508,60,249
2025-05,�泲,��,2,118,984,311,13,567,999,996,1,291,29,103,5,207,35,601,2,516,214,444,19,928,236,888,333,4,565,3,299,8,197,6,258,1,232,423,42,001,1,280,682
2025-05,����,������,82,12,559,157,12,798,65,460,75,600,99,6,565,740,7,404,12,90,43,145,258,19,674,1,015,20,947
2025-05,����,���ﱺ,105,21,384,169,21,658,76,980,93,1,149,141,12,756,264,13,161,12,136,40,188,334,35,256,566,36,156
2025-05,����,���,67,10,900,93,11,060,41,404,57,502,72,5,049,397,5,518,6,59,67,132,186,16,412,614,17,212
2025-05,����,�����,95,79,369,641,80,105,70,2,096,289,2,455,90,14,675,3,489,18,254,14,555,1,684,2,253,269,96,695,6,103,103,067
2025-05,����,���ʱ�,57,9,384,318,9,759,41,376,54,471,75,3,958,209,4,242,4,72,23,99,177,13,790,604,14,571
2025-05,����,���ֽ�,147,53,741,793,54,681,117,1,829,372,2,318,217,15,605,1,703,17,525,20,380,268,668,501,71,555,3,136,75,192
2025-05,����,��籺,78,20,452,374,20,904,48,749,280,1,077,75,7,939,1,017,9,031,12,127,149,288,213,29,267,1,820,31,300
2025-05,����,������,122,82,635,2,278,85,035,114,2,501,424,3,039,153,12,781,2,285,15,219,10,345,345,700,399,98,262,5,332,103,993
2025-05,����,���ȱ�,259,42,010,202,42,471,205,1,420,73,1,698,161,11,950,889,13,000,17,206,125,348,642,55,586,1,289,57,517
2025-05,����,������,77,14,175,158,14,410,52,725,69,846,104,7,961,358,8,423,15,98,53,166,248,22,959,638,23,845
2025-05,����,��õ��,178,125,240,1,841,127,259,127,2,838,595,3,560,197,22,580,2,102,24,879,21,474,923,1,418,523,151,132,5,461,157,116
2025-05,����,�žȱ�,117,14,652,109,623,124,392,67,651,2,329,3,047,206,9,523,388,10,117,5,149,34,188,395,24,975,112,374,137,744
2025-05,����,������,202,113,946,2,366,116,514,148,3,004,730,3,882,202,21,484,3,534,25,220,17,432,834,1,283,569,138,866,7,464,146,899
2025-05,����,������,77,22,131,216,22,424,43,774,97,914,113,8,245,509,8,867,7,115,56,178,240,31,265,878,32,383
2025-05,����,���ϱ�,94,24,607,84,24,785,63,1,169,81,1,313,120,11,265,796,12,181,9,192,141,342,286,37,233,1,102,38,621
2025-05,����,�ϵ���,131,16,376,159,16,666,58,665,101,824,107,9,706,207,10,020,12,95,31,138,308,26,842,498,27,648
2025-05,����,�强��,82,19,965,168,20,215,46,710,83,839,91,8,271,892,9,254,3,139,90,232,222,29,085,1,233,30,540
2025-05,����,���ﱺ,88,13,576,96,13,760,73,538,46,657,109,7,090,280,7,479,8,67,31,106,278,21,271,453,22,002
2025-05,����,������,77,11,391,90,11,558,48,515,61,624,97,6,343,144,6,584,9,63,25,97,231,18,312,320,18,863
2025-05,����,����,70,12,390,5,699,18,159,50,492,112,654,88,6,586,198,6,872,11,89,26,126,219,19,557,6,035,25,811
2025-05,����,�س���,111,24,802,92,038,116,951,80,1,579,788,2,447,138,15,596,237,15,971,10,129,43,182,339,42,106,93,106,135,551
2025-05,����,ȭ����,98,26,052,471,26,621,51,891,860,1,802,103,8,054,562,8,719,9,153,146,308,261,35,150,2,039,37,450
2025-05,����,��,2,414,771,737,218,034,992,185,1,683,25,366,7,669,34,718,2,758,233,982,21,200,257,940,243,4,165,5,177,9,585,7,098,1,035,250,252,080,1,294,428
2025-05,���,����,145,120,281,897,121,323,101,2,928,395,3,424,129,22,021,2,745,24,895,16,431,383,830,391,145,661,4,420,150,472
2025-05,���,���ֽ�,209,120,585,1,673,122,467,144,3,627,526,4,297,221,25,847,1,984,28,052,16,561,376,953,590,150,620,4,559,155,769
2025-05,���,���ɱ�,58,14,557,36,14,651,31,642,59,732,77,6,556,690,7,323,18,88,53,159,184,21,843,838,22,865
2025-05,���,���̽�,195,194,596,2,438,197,229,109,4,785,781,5,675,225,25,748,3,593,29,566,21,687,467,1,175,550,225,816,7,279,233,645
2025-05,���,������,0,19,2,21,0,4,0,4,0,20,3,23,0,0,0,0,0,43,5,48
2025-05,���,��õ��,142,59,421,599,60,162,81,1,945,271,2,297,166,18,006,1,118,19,290,17,250,191,458,406,79,622,2,179,82,207
2025-05,���,�����,94,27,382,385,27,861,54,1,163,116,1,333,127,10,333,279,10,739,13,144,96,253,288,39,022,876,40,186
2025-05,���,��ȭ��,100,11,154,48,11,302,53,396,44,493,86,7,060,92,7,238,16,50,17,83,255,18,660,201,19,116
2025-05,���,���ֽ�,118,37,380,386,37,884,91,1,553,255,1,899,210,17,345,1,046,18,601,18,216,174,408,437,56,494,1,861,58,792
2025-05,���,���ֱ�,74,20,333,127,20,534,41,767,49,857,89,11,393,972,12,454,15,146,142,303,219,32,639,1,290,34,148
2025-05,���,�ȵ���,288,65,683,938,66,909,227,2,075,308,2,610,252,19,324,1,211,20,787,45,359,232,636,812,87,441,2,689,90,942
2025-05,���,������,73,13,079,98,13,250,50,587,56,693,123,5,973,118,6,214,17,79,29,125,263,19,718,301,20,282
2025-05,���,���籺,61,6,142,37,6,240,37,275,27,339,73,3,942,50,4,065,7,38,6,51,178,10,397,120,10,695
2025-05,���,���ֽ�,126,41,619,481,42,226,78,1,505,138,1,721,144,14,614,728,15,486,25,247,158,430,373,57,985,1,505,59,863
2025-05,���,��õ��,131,45,160,362,45,653,83,1,680,238,2,001,129,16,244,1,507,17,880,18,247,356,621,361,63,331,2,463,66,155
2025-05,���,��õ��,104,23,387,168,23,659,63,699,81,843,111,8,691,205,9,007,21,108,46,175,299,32,885,500,33,684
2025-05,���,�︪��,61,4,421,339,4,821,21,262,204,487,61,1,448,28,1,537,8,25,4,37,151,6,156,575,6,882
2025-05,���,������,134,20,922,111,21,167,57,596,86,739,122,6,603,120,6,845,20,124,39,183,333,28,245,356,28,934
2025-05,���,�Ǽ���,80,19,760,88,19,928,77,834,78,989,130,12,210,890,13,230,10,119,102,231,297,32,923,1,158,34,378
2025-05,���,û����,80,17,979,163,18,222,44,618,51,713,90,7,898,611,8,599,15,99,188,302,229,26,594,1,013,27,836
2025-05,���,û�۱�,58,10,107,39,10,204,68,458,44,570,87,6,050,116,6,253,10,64,15,89,223,16,679,214,17,116
2025-05,���,ĥ�,121,55,779,271,56,171,63,1,748,335,2,146,112,12,750,1,587,14,449,14,266,321,601,310,70,543,2,514,73,367
2025-05,���,���׽� ����,141,103,738,1,329,105,208,84,2,774,766,3,624,213,17,681,4,204,22,098,13,467,1,727,2,207,451,124,660,8,026,133,137
2025-05,���,���׽� �ϱ�,159,131,329,2,153,133,641,96,2,819,301,3,216,109,18,112,1,091,19,312,27,449,300,776,391,152,709,3,845,156,945
2025-05,���,��,2,752,1,164,813,13,168,1,180,733,1,753,34,740,5,209,41,702,3,086,295,869,24,988,323,943,400,5,264,5,422,11,086,7,991,1,500,686,48,787,1,557,464
2025-05,�泲,������,125,97,100,1,039,98,264,87,2,708,479,3,274,157,12,042,515,12,714,15,322,168,505,384,112,172,2,201,114,757
2025-05,�泲,��â��,105,25,033,186,25,324,77,836,175,1,088,104,9,336,260,9,700,15,87,176,278,301,35,292,797,36,390
2025-05,�泲,������,66,19,755,185,20,006,62,683,90,835,95,7,359,215,7,669,11,139,65,215,234,27,936,555,28,725
2025-05,�泲,���ؽ�,264,248,503,2,243,251,010,154,5,901,569,6,624,244,41,064,4,732,46,040,43,826,585,1,454,705,296,294,8,129,305,128
2025-05,�泲,���ر�,101,14,329,148,14,578,54,509,106,669,137,6,197,153,6,487,8,62,27,97,300,21,097,434,21,831
2025-05,�泲,�о��,112,43,996,483,44,591,93,1,327,198,1,618,103,13,685,2,573,16,361,15,208,592,815,323,59,216,3,846,63,385
2025-05,�泲,��õ��,97,48,818,661,49,576,80,1,401,214,1,695,131,10,504,561,11,196,18,191,113,322,326,60,914,1,549,62,789
2025-05,�泲,��û��,91,13,887,56,14,034,61,482,54,597,99,7,195,479,7,773,9,144,150,303,260,21,708,739,22,707
2025-05,�泲,����,184,156,872,1,107,158,163,88,4,034,783,4,905,151,22,350,7,258,29,759,23,651,1,536,2,210,446,183,907,10,684,195,037
2025-05,�泲,�Ƿɱ�,66,10,497,51,10,614,52,356,37,445,92,4,577,576,5,245,14,63,120,197,224,15,493,784,16,501
2025-05,�泲,���ֽ�,210,144,877,2,774,147,861,173,3,110,1,038,4,321,256,26,607,2,384,29,247,32,523,432,987,671,175,117,6,628,182,416
2025-05,�泲,â�籺,69,25,265,193,25,527,76,996,105,1,177,96,10,317,421,10,834,10,145,67,222,251,36,723,786,37,760
2025-05,�泲,â���� ����������,148,90,496,1,330,91,974,63,1,834,473,2,370,138,10,316,1,001,11,455,15,163,150,328,364,102,809,2,954,106,127
2025-05,�泲,â���� ����ȸ����,69,97,398,5,706,103,173,34,1,733,414,2,181,54,10,754,1,565,12,373,4,227,236,467,161,110,112,7,921,118,194
2025-05,�泲,â���� ���걸,241,148,529,18,571,167,341,222,1,944,874,3,040,140,10,344,976,11,460,15,231,191,437,618,161,048,20,612,182,278
2025-05,�泲,â���� ��â��,253,116,147,49,187,165,587,171,2,162,403,2,736,127,16,941,1,464,18,532,18,315,350,683,569,135,565,51,404,187,538
2025-05,�泲,â���� ���ر�,93,87,717,718,88,528,35,1,842,159,2,036,91,7,752,1,024,8,867,12,274,289,575,231,97,585,2,190,100,006
2025-05,�泲,�뿵��,101,43,184,676,43,961,84,1,562,245,1,891,123,8,709,354,9,186,14,180,70,264,322,53,635,1,345,55,302
2025-05,�泲,�ϵ���,60,16,322,92,16,474,72,513,45,630,113,7,819,170,8,102,10,92,84,186,255,24,746,391,25,392
2025-05,�泲,�Ծȱ�,82,33,420,21,727,55,229,53,996,330,1,379,84,10,211,544,10,839,7,185,229,421,226,44,812,22,830,67,868
2025-05,�泲,�Ծ籺,61,13,879,17,605,31,545,53,473,160,686,110,6,531,146,6,787,14,171,32,217,238,21,054,17,943,39,235
2025-05,�泲,��õ��,89,15,875,151,16,115,57,583,76,716,140,8,171,396,8,707,15,94,71,180,301,24,723,694,25,718
2025-05,�泲,��,2,687,1,511,899,124,889,1,639,475,1,901,35,985,7,027,44,913,2,785,268,781,27,767,299,333,337,5,293,5,733,11,363,7,710,1,821,958,165,416,1,995,084
2025-05,����,��������,248,77,640,931,78,819,139,2,751,146,3,036,339,26,876,675,27,890,44,260,143,447,770,107,527,1,895,110,192
2025-05,����,���ֽ�,613,253,465,270,801,524,879,358,6,831,6,213,13,402,713,59,012,3,705,63,430,39,1,122,582,1,743,1,723,320,430,281,301,603,454
2025-05,����,��,861,331,105,271,732,603,698,497,9,582,6,359,16,438,1,052,85,888,4,380,91,320,83,1,382,725,2,190,2,493,427,957,283,196,713,646
2025-05,����,������,179,94,801,2,334,97,314,141,2,396,500,3,037,265,18,007,1,425,19,697,38,413,412,863,623,115,617,4,671,120,911
2025-05,����,������,53,11,946,89,12,088,48,421,36,505,104,3,970,96,4,170,6,61,28,95,211,16,398,249,16,858
2025-05,����,���ؽ�,117,39,960,730,40,807,82,1,153,163,1,398,124,6,856,517,7,497,11,175,213,399,334,48,144,1,623,50,101
2025-05,����,��ô��,121,26,493,460,27,074,99,772,120,991,184,6,752,187,7,123,10,155,47,212,414,34,172,814,35,400
2025-05,����,���ʽ�,119,34,227,880,35,226,89,1,025,138,1,252,112,5,302,313,5,727,8,149,90,247,328,40,703,1,421,42,452
2025-05,����,�籸��,55,8,935,62,9,052,57,292,31,380,109,3,347,54,3,510,10,52,20,82,231,12,626,167,13,024
2025-05,����,��籺,47,12,624,163,12,834,40,392,27,459,125,4,108,68,4,301,12,86,22,120,224,17,210,280,17,714
2025-05,����,������,134,15,167,151,15,452,80,609,56,745,127,6,201,135,6,463,13,122,54,189,354,22,099,396,22,849
2025-05,����,���ֽ�,225,163,260,2,647,166,132,165,4,089,509,4,763,234,26,501,2,325,29,060,25,721,370,1,116,649,194,571,5,851,201,071
2025-05,����,������,60,14,630,85,14,775,54,442,60,556,122,4,997,113,5,232,10,89,31,130,246,20,158,289,20,693
2025-05,����,������,115,14,267,232,14,614,102,531,74,707,156,6,130,161,6,447,22,114,35,171,395,21,042,502,21,939
2025-05,����,ö����,58,17,144,203,17,405,69,636,55,760,143,6,991,144,7,278,16,91,22,129,286,24,862,424,25,572
2025-05,����,��õ��,344,122,328,2,510,125,182,280,2,978,615,3,873,271,18,485,2,764,21,520,27,536,404,967,922,144,327,6,293,151,542
2025-05,����,�¹��,68,16,284,363,16,715,62,580,121,763,121,3,328,139,3,588,15,127,44,186,266,20,319,667,21,252
2025-05,����,��â��,107,17,776,232,18,115,80,724,73,877,120,8,596,143,8,859,22,95,48,165,329,27,191,496,28,016
2025-05,����,ȫõ��,130,28,398,260,28,788,115,1,147,279,1,541,181,11,742,456,12,379,22,178,65,265,448,41,465,1,060,42,973
2025-05,����,ȭõ��,58,9,917,56,10,031,63,282,42,387,100,3,309,49,3,458,10,57,23,90,231,13,565,170,13,966
2025-05,����,Ⱦ����,89,19,648,552,20,289,65,792,82,939,122,8,623,273,9,018,14,135,51,200,290,29,198,958,30,446
2025-05,����,��,2,079,667,805,12,009,681,893,1,691,19,261,2,981,23,933,2,720,153,245,9,362,165,327,291,3,356,1,979,5,626,6,781,843,667,26,331,876,779
2025-05,����,��â��,106,20,430,167,20,703,65,1,253,93,1,411,157,10,642,282,11,081,14,116,47,177,342,32,441,589,33,372
2025-05,����,�����,215,117,251,2,022,119,488,125,2,881,515,3,521,210,19,240,3,256,22,706,21,517,713,1,251,571,139,889,6,506,146,966
2025-05,����,������,118,35,057,576,35,751,60,1,451,150,1,661,145,13,786,1,032,14,963,8,257,157,422,331,50,551,1,915,52,797
2025-05,����,������,137,29,933,400,30,470,107,1,118,169,1,394,179,12,482,453,13,114,20,193,67,280,443,43,726,1,089,45,258
2025-05,����,���ֱ�,71,9,032,55,9,158,40,456,60,556,99,4,413,245,4,757,7,48,39,94,217,13,949,399,14,565
2025-05,����,�ξȱ�,97,19,097,178,19,372,66,781,117,964,139,8,664,270,9,073,12,109,54,175,314,28,651,619,29,584
2025-05,����,��â��,72,10,609,103,10,784,59,376,25,460,100,5,253,64,5,417,10,46,23,79,241,16,284,215,16,740
2025-05,����,���ֱ�,116,47,794,229,48,139,121,1,560,420,2,101,208,12,437,2,349,14,994,28,275,224,527,473,62,066,3,222,65,761
2025-05,����,�ͻ��,188,115,962,1,838,117,988,140,3,707,486,4,333,212,24,299,3,098,27,609,17,455,422,894,557,144,423,5,844,150,824
2025-05,����,�ӽǱ�,83,9,805,60,9,948,60,414,70,544,121,4,923,273,5,317,8,63,24,95,272,15,205,427,15,904
2025-05,����,�����,75,7,943,32,8,050,41,339,20,400,114,4,442,88,4,644,6,52,19,77,236,12,776,159,13,171
2025-05,����,���ֽ� ������,158,151,019,3,074,154,251,103,3,260,933,4,296,152,18,884,2,614,21,650,14,571,403,988,427,173,734,7,024,181,185
2025-05,����,���ֽ� �ϻ걸,342,136,966,2,005,139,313,227,2,928,539,3,694,211,15,759,1,532,17,502,23,359,252,634,803,156,012,4,328,161,143
2025-05,����,������,107,41,491,1,510,43,108,111,1,490,198,1,799,162,14,890,895,15,947,8,254,122,384,388,58,125,2,725,61,238
2025-05,����,���ȱ�,110,9,817,91,10,018,53,399,95,547,111,5,054,107,5,272,15,58,16,89,289,15,328,309,15,926
2025-05,����,��,1,995,762,206,12,340,776,541,1,378,22,413,3,890,27,681,2,320,175,168,16,558,194,046,211,3,373,2,582,6,166,5,904,963,160,35,370,1,004,434